width,module,t,l1
64,tok_emb,0,0.796517014503479
64,pos_emb,0,0.8006819486618042
64,blocks.0.ln1,0,0.8027348518371582
64,blocks.0.attn.qkv,0,0.12891963124275208
64,blocks.0.attn.proj,0,0.002302787732332945
64,blocks.0.ln2,0,0.8027341365814209
64,blocks.0.mlp.fc,0,0.12557059526443481
64,blocks.0.mlp.proj,0,0.01006457582116127
64,blocks.1.ln1,0,0.802717387676239
64,blocks.1.attn.qkv,0,0.12599575519561768
64,blocks.1.attn.proj,0,0.002402766840532422
64,blocks.1.ln2,0,0.8027117252349854
64,blocks.1.mlp.fc,0,0.12684673070907593
64,blocks.1.mlp.proj,0,0.010493354871869087
64,ln_f,0,0.8027186393737793
64,head,0,0.4609224796295166
64,tok_emb,1,0.7965208292007446
64,pos_emb,1,0.800693929195404
64,blocks.0.ln1,1,0.8026606440544128
64,blocks.0.attn.qkv,1,0.12907053530216217
64,blocks.0.attn.proj,1,0.002540060319006443
64,blocks.0.ln2,1,0.8026339411735535
64,blocks.0.mlp.fc,1,0.12573054432868958
64,blocks.0.mlp.proj,1,0.010440397076308727
64,blocks.1.ln1,1,0.8027366399765015
64,blocks.1.attn.qkv,1,0.12609852850437164
64,blocks.1.attn.proj,1,0.0025433360133320093
64,blocks.1.ln2,1,0.8026400804519653
64,blocks.1.mlp.fc,1,0.12704811990261078
64,blocks.1.mlp.proj,1,0.010867485776543617
64,ln_f,1,0.8020263910293579
64,head,1,0.45731091499328613
64,tok_emb,2,0.7965251207351685
64,pos_emb,2,0.8007089495658875
64,blocks.0.ln1,2,0.8029245734214783
64,blocks.0.attn.qkv,2,0.12980124354362488
64,blocks.0.attn.proj,2,0.0030666585080325603
64,blocks.0.ln2,2,0.803036630153656
64,blocks.0.mlp.fc,2,0.12665122747421265
64,blocks.0.mlp.proj,2,0.011663622222840786
64,blocks.1.ln1,2,0.8030058741569519
64,blocks.1.attn.qkv,2,0.1267547309398651
64,blocks.1.attn.proj,2,0.002941141603514552
64,blocks.1.ln2,2,0.803000807762146
64,blocks.1.mlp.fc,2,0.12797141075134277
64,blocks.1.mlp.proj,2,0.012058095075190067
64,ln_f,2,0.8014405369758606
64,head,2,0.45389246940612793
64,tok_emb,3,0.7965297698974609
64,pos_emb,3,0.800726056098938
64,blocks.0.ln1,3,0.8034015893936157
64,blocks.0.attn.qkv,3,0.1310308575630188
64,blocks.0.attn.proj,3,0.0038290959782898426
64,blocks.0.ln2,3,0.8036272525787354
64,blocks.0.mlp.fc,3,0.12822522222995758
64,blocks.0.mlp.proj,3,0.0135391466319561
64,blocks.1.ln1,3,0.803458571434021
64,blocks.1.attn.qkv,3,0.12793795764446259
64,blocks.1.attn.proj,3,0.0035645500756800175
64,blocks.1.ln2,3,0.8035660982131958
64,blocks.1.mlp.fc,3,0.12955538928508759
64,blocks.1.mlp.proj,3,0.01389761921018362
64,ln_f,3,0.8009779453277588
64,head,3,0.4506840705871582
64,tok_emb,4,0.7965348958969116
64,pos_emb,4,0.8007452487945557
64,blocks.0.ln1,4,0.8039975166320801
64,blocks.0.attn.qkv,4,0.13271859288215637
64,blocks.0.attn.proj,4,0.004806716460734606
64,blocks.0.ln2,4,0.8042982816696167
64,blocks.0.mlp.fc,4,0.13039922714233398
64,blocks.0.mlp.proj,4,0.015908535569906235
64,blocks.1.ln1,4,0.8040369749069214
64,blocks.1.attn.qkv,4,0.12958689033985138
64,blocks.1.attn.proj,4,0.004416005685925484
64,blocks.1.ln2,4,0.8042243719100952
64,blocks.1.mlp.fc,4,0.13173599541187286
64,blocks.1.mlp.proj,4,0.01624137908220291
64,ln_f,4,0.8006432056427002
64,head,4,0.4476940333843231
64,tok_emb,0,0.797253429889679
64,pos_emb,0,0.7890148162841797
64,blocks.0.ln1,0,0.8013877868652344
64,blocks.0.attn.qkv,0,0.12850895524024963
64,blocks.0.attn.proj,0,0.002472730353474617
64,blocks.0.ln2,0,0.8013865947723389
64,blocks.0.mlp.fc,0,0.12666055560112
64,blocks.0.mlp.proj,0,0.010261322371661663
64,blocks.1.ln1,0,0.801399827003479
64,blocks.1.attn.qkv,0,0.12760676443576813
64,blocks.1.attn.proj,0,0.0022254600189626217
64,blocks.1.ln2,0,0.801409900188446
64,blocks.1.mlp.fc,0,0.12886321544647217
64,blocks.1.mlp.proj,0,0.010685957968235016
64,ln_f,0,0.8013719320297241
64,head,0,0.46115410327911377
64,tok_emb,1,0.7972620725631714
64,pos_emb,1,0.789016842842102
64,blocks.0.ln1,1,0.8014421463012695
64,blocks.0.attn.qkv,1,0.12863194942474365
64,blocks.0.attn.proj,1,0.002698411699384451
64,blocks.0.ln2,1,0.8012361526489258
64,blocks.0.mlp.fc,1,0.12672847509384155
64,blocks.0.mlp.proj,1,0.010616624727845192
64,blocks.1.ln1,1,0.8015385866165161
64,blocks.1.attn.qkv,1,0.12776896357536316
64,blocks.1.attn.proj,1,0.0023257508873939514
64,blocks.1.ln2,1,0.8014473915100098
64,blocks.1.mlp.fc,1,0.1290251463651657
64,blocks.1.mlp.proj,1,0.011072641238570213
64,ln_f,1,0.8006713390350342
64,head,1,0.45802682638168335
64,tok_emb,2,0.7972716093063354
64,pos_emb,2,0.7890176177024841
64,blocks.0.ln1,2,0.8017110824584961
64,blocks.0.attn.qkv,2,0.12929177284240723
64,blocks.0.attn.proj,2,0.003261738456785679
64,blocks.0.ln2,2,0.8016002774238586
64,blocks.0.mlp.fc,2,0.12755213677883148
64,blocks.0.mlp.proj,2,0.01182740367949009
64,blocks.1.ln1,2,0.8018480539321899
64,blocks.1.attn.qkv,2,0.12847667932510376
64,blocks.1.attn.proj,2,0.0027062930166721344
64,blocks.1.ln2,2,0.8018962144851685
64,blocks.1.mlp.fc,2,0.12993325293064117
64,blocks.1.mlp.proj,2,0.012277813628315926
64,ln_f,2,0.8000020980834961
64,head,2,0.4550502896308899
64,tok_emb,3,0.7972817420959473
64,pos_emb,3,0.7890192270278931
64,blocks.0.ln1,3,0.802159309387207
64,blocks.0.attn.qkv,3,0.13046520948410034
64,blocks.0.attn.proj,3,0.0041032941080629826
64,blocks.0.ln2,3,0.8021811842918396
64,blocks.0.mlp.fc,3,0.129063218832016
64,blocks.0.mlp.proj,3,0.013713100925087929
64,blocks.1.ln1,3,0.8023208975791931
64,blocks.1.attn.qkv,3,0.12967745959758759
64,blocks.1.attn.proj,3,0.0033287876285612583
64,blocks.1.ln2,3,0.8025215864181519
64,blocks.1.mlp.fc,3,0.13150793313980103
64,blocks.1.mlp.proj,3,0.014138837344944477
64,ln_f,3,0.7994089722633362
64,head,3,0.4522585868835449
64,tok_emb,4,0.7972921133041382
64,pos_emb,4,0.7890220284461975
64,blocks.0.ln1,4,0.8027269244194031
64,blocks.0.attn.qkv,4,0.1321171522140503
64,blocks.0.attn.proj,4,0.005204877816140652
64,blocks.0.ln2,4,0.8028475046157837
64,blocks.0.mlp.fc,4,0.13117818534374237
64,blocks.0.mlp.proj,4,0.016100680455565453
64,blocks.1.ln1,4,0.8029099702835083
64,blocks.1.attn.qkv,4,0.13134251534938812
64,blocks.1.attn.proj,4,0.00417561549693346
64,blocks.1.ln2,4,0.8032232522964478
64,blocks.1.mlp.fc,4,0.1336994767189026
64,blocks.1.mlp.proj,4,0.01650669425725937
64,ln_f,4,0.7989072799682617
64,head,4,0.4496702253818512
64,tok_emb,0,0.7943075895309448
64,pos_emb,0,0.8002403378486633
64,blocks.0.ln1,0,0.8011650443077087
64,blocks.0.attn.qkv,0,0.1269197165966034
64,blocks.0.attn.proj,0,0.002260796260088682
64,blocks.0.ln2,0,0.8011698722839355
64,blocks.0.mlp.fc,0,0.1273844838142395
64,blocks.0.mlp.proj,0,0.010467136278748512
64,blocks.1.ln1,0,0.8011797070503235
64,blocks.1.attn.qkv,0,0.12848006188869476
64,blocks.1.attn.proj,0,0.0022211147006601095
64,blocks.1.ln2,0,0.8011678457260132
64,blocks.1.mlp.fc,0,0.12768486142158508
64,blocks.1.mlp.proj,0,0.010504473000764847
64,ln_f,0,0.8011837005615234
64,head,0,0.4626314043998718
64,tok_emb,1,0.7943027019500732
64,pos_emb,1,0.8002445697784424
64,blocks.0.ln1,1,0.8013147711753845
64,blocks.0.attn.qkv,1,0.12698356807231903
64,blocks.0.attn.proj,1,0.0023856041952967644
64,blocks.0.ln2,1,0.8011925220489502
64,blocks.0.mlp.fc,1,0.12757766246795654
64,blocks.0.mlp.proj,1,0.010890131816267967
64,blocks.1.ln1,1,0.8011019229888916
64,blocks.1.attn.qkv,1,0.1286228597164154
64,blocks.1.attn.proj,1,0.002378148026764393
64,blocks.1.ln2,1,0.8011372089385986
64,blocks.1.mlp.fc,1,0.12787702679634094
64,blocks.1.mlp.proj,1,0.010904185473918915
64,ln_f,1,0.800447940826416
64,head,1,0.4589614272117615
64,tok_emb,2,0.7942978739738464
64,pos_emb,2,0.8002501130104065
64,blocks.0.ln1,2,0.8016221523284912
64,blocks.0.attn.qkv,2,0.12760357558727264
64,blocks.0.attn.proj,2,0.002848405856639147
64,blocks.0.ln2,2,0.8016541600227356
64,blocks.0.mlp.fc,2,0.12852078676223755
64,blocks.0.mlp.proj,2,0.0121383061632514
64,blocks.1.ln1,2,0.8013001084327698
64,blocks.1.attn.qkv,2,0.12929680943489075
64,blocks.1.attn.proj,2,0.002877769060432911
64,blocks.1.ln2,2,0.801496148109436
64,blocks.1.mlp.fc,2,0.12877987325191498
64,blocks.1.mlp.proj,2,0.012117371894419193
64,ln_f,2,0.7997558116912842
64,head,2,0.4554533362388611
64,tok_emb,3,0.7942929267883301
64,pos_emb,3,0.8002567291259766
64,blocks.0.ln1,3,0.802098274230957
64,blocks.0.attn.qkv,3,0.12873020768165588
64,blocks.0.attn.proj,3,0.0035830019041895866
64,blocks.0.ln2,3,0.8022711277008057
64,blocks.0.mlp.fc,3,0.13013219833374023
64,blocks.0.mlp.proj,3,0.014038437977433205
64,blocks.1.ln1,3,0.8017087578773499
64,blocks.1.attn.qkv,3,0.1304730772972107
64,blocks.1.attn.proj,3,0.003691287711262703
64,blocks.1.ln2,3,0.8020671010017395
64,blocks.1.mlp.fc,3,0.13033069670200348
64,blocks.1.mlp.proj,3,0.013967953622341156
64,ln_f,3,0.7991414666175842
64,head,3,0.45212846994400024
64,tok_emb,4,0.7942880392074585
64,pos_emb,4,0.8002641201019287
64,blocks.0.ln1,4,0.8026942014694214
64,blocks.0.attn.qkv,4,0.13032081723213196
64,blocks.0.attn.proj,4,0.0045610107481479645
64,blocks.0.ln2,4,0.802952766418457
64,blocks.0.mlp.fc,4,0.13233807682991028
64,blocks.0.mlp.proj,4,0.016459058970212936
64,blocks.1.ln1,4,0.8022492527961731
64,blocks.1.attn.qkv,4,0.1321067065000534
64,blocks.1.attn.proj,4,0.004785001277923584
64,blocks.1.ln2,4,0.8027253746986389
64,blocks.1.mlp.fc,4,0.13245229423046112
64,blocks.1.mlp.proj,4,0.016326304525136948
64,ln_f,4,0.7986093759536743
64,head,4,0.4489981532096863
128,tok_emb,0,0.7980892658233643
128,pos_emb,0,0.793067216873169
128,blocks.0.ln1,0,0.7991846799850464
128,blocks.0.attn.qkv,0,0.12776309251785278
128,blocks.0.attn.proj,0,0.0027544181793928146
128,blocks.0.ln2,0,0.7991895079612732
128,blocks.0.mlp.fc,0,0.12710672616958618
128,blocks.0.mlp.proj,0,0.010464590974152088
128,blocks.1.ln1,0,0.7991982102394104
128,blocks.1.attn.qkv,0,0.12803152203559875
128,blocks.1.attn.proj,0,0.0024501595180481672
128,blocks.1.ln2,0,0.7991918325424194
128,blocks.1.mlp.fc,0,0.12831218540668488
128,blocks.1.mlp.proj,0,0.01058042049407959
128,ln_f,0,0.7991538047790527
128,head,0,0.3263174295425415
128,tok_emb,1,0.7980859279632568
128,pos_emb,1,0.7930539846420288
128,blocks.0.ln1,1,0.7992575168609619
128,blocks.0.attn.qkv,1,0.1278652846813202
128,blocks.0.attn.proj,1,0.0028237346559762955
128,blocks.0.ln2,1,0.7992022037506104
128,blocks.0.mlp.fc,1,0.12722261250019073
128,blocks.0.mlp.proj,1,0.010719720274209976
128,blocks.1.ln1,1,0.7991223931312561
128,blocks.1.attn.qkv,1,0.12808698415756226
128,blocks.1.attn.proj,1,0.0025682521518319845
128,blocks.1.ln2,1,0.7991468906402588
128,blocks.1.mlp.fc,1,0.128420889377594
128,blocks.1.mlp.proj,1,0.010862918570637703
128,ln_f,1,0.7985811233520508
128,head,1,0.3242835998535156
128,tok_emb,2,0.7980833053588867
128,pos_emb,2,0.7930389642715454
128,blocks.0.ln1,2,0.7995968461036682
128,blocks.0.attn.qkv,2,0.12830296158790588
128,blocks.0.attn.proj,2,0.003190708113834262
128,blocks.0.ln2,2,0.7996408343315125
128,blocks.0.mlp.fc,2,0.12784014642238617
128,blocks.0.mlp.proj,2,0.0115119069814682
128,blocks.1.ln1,2,0.7993717193603516
128,blocks.1.attn.qkv,2,0.1284935176372528
128,blocks.1.attn.proj,2,0.002969857770949602
128,blocks.1.ln2,2,0.7996013760566711
128,blocks.1.mlp.fc,2,0.12902101874351501
128,blocks.1.mlp.proj,2,0.0116814523935318
128,ln_f,2,0.7981640696525574
128,head,2,0.32242292165756226
128,tok_emb,3,0.7980809211730957
128,pos_emb,3,0.7930240035057068
128,blocks.0.ln1,3,0.8000977039337158
128,blocks.0.attn.qkv,3,0.12903569638729095
128,blocks.0.attn.proj,3,0.0038216658867895603
128,blocks.0.ln2,3,0.8002474308013916
128,blocks.0.mlp.fc,3,0.12888643145561218
128,blocks.0.mlp.proj,3,0.0127557422965765
128,blocks.1.ln1,3,0.7998532056808472
128,blocks.1.attn.qkv,3,0.12920908629894257
128,blocks.1.attn.proj,3,0.003621078561991453
128,blocks.1.ln2,3,0.8002229928970337
128,blocks.1.mlp.fc,3,0.1300523579120636
128,blocks.1.mlp.proj,3,0.012965704314410686
128,ln_f,3,0.7978875041007996
128,head,3,0.320733904838562
128,tok_emb,4,0.7980786561965942
128,pos_emb,4,0.7930091619491577
128,blocks.0.ln1,4,0.8006910681724548
128,blocks.0.attn.qkv,4,0.1300322264432907
128,blocks.0.attn.proj,4,0.004705704282969236
128,blocks.0.ln2,4,0.8009265661239624
128,blocks.0.mlp.fc,4,0.1303284913301468
128,blocks.0.mlp.proj,4,0.014366133138537407
128,blocks.1.ln1,4,0.8004636764526367
128,blocks.1.attn.qkv,4,0.1301949918270111
128,blocks.1.attn.proj,4,0.004518649075180292
128,blocks.1.ln2,4,0.8009178638458252
128,blocks.1.mlp.fc,4,0.13148802518844604
128,blocks.1.mlp.proj,4,0.01462507713586092
128,ln_f,4,0.7977419495582581
128,head,4,0.31922149658203125
128,tok_emb,0,0.7972474098205566
128,pos_emb,0,0.7941768169403076
128,blocks.0.ln1,0,0.7997632026672363
128,blocks.0.attn.qkv,0,0.127772256731987
128,blocks.0.attn.proj,0,0.0022656340152025223
128,blocks.0.ln2,0,0.7997558116912842
128,blocks.0.mlp.fc,0,0.1285521239042282
128,blocks.0.mlp.proj,0,0.010483060032129288
128,blocks.1.ln1,0,0.7997466325759888
128,blocks.1.attn.qkv,0,0.12705504894256592
128,blocks.1.attn.proj,0,0.0022791260853409767
128,blocks.1.ln2,0,0.7997482419013977
128,blocks.1.mlp.fc,0,0.12843161821365356
128,blocks.1.mlp.proj,0,0.010562925599515438
128,ln_f,0,0.7997241020202637
128,head,0,0.3258809447288513
128,tok_emb,1,0.7972522974014282
128,pos_emb,1,0.7941562533378601
128,blocks.0.ln1,1,0.7997312545776367
128,blocks.0.attn.qkv,1,0.1279144585132599
128,blocks.0.attn.proj,1,0.002414969028905034
128,blocks.0.ln2,1,0.7998228073120117
128,blocks.0.mlp.fc,1,0.12868838012218475
128,blocks.0.mlp.proj,1,0.01074039563536644
128,blocks.1.ln1,1,0.7997681498527527
128,blocks.1.attn.qkv,1,0.1271272897720337
128,blocks.1.attn.proj,1,0.00236161588691175
128,blocks.1.ln2,1,0.799777090549469
128,blocks.1.mlp.fc,1,0.12861216068267822
128,blocks.1.mlp.proj,1,0.010869000107049942
128,ln_f,1,0.7991437315940857
128,head,1,0.3237548768520355
128,tok_emb,2,0.7972574830055237
128,pos_emb,2,0.7941343784332275
128,blocks.0.ln1,2,0.7999850511550903
128,blocks.0.attn.qkv,2,0.12837442755699158
128,blocks.0.attn.proj,2,0.0027913907542824745
128,blocks.0.ln2,2,0.8002605438232422
128,blocks.0.mlp.fc,2,0.12930506467819214
128,blocks.0.mlp.proj,2,0.011533379554748535
128,blocks.1.ln1,2,0.8000792860984802
128,blocks.1.attn.qkv,2,0.12751780450344086
128,blocks.1.attn.proj,2,0.0026956982910633087
128,blocks.1.ln2,2,0.8002516031265259
128,blocks.1.mlp.fc,2,0.1292751580476761
128,blocks.1.mlp.proj,2,0.011718591675162315
128,ln_f,2,0.7986518740653992
128,head,2,0.32176673412323
128,tok_emb,3,0.7972625494003296
128,pos_emb,3,0.7941131591796875
128,blocks.0.ln1,3,0.8004264235496521
128,blocks.0.attn.qkv,3,0.12912967801094055
128,blocks.0.attn.proj,3,0.003366135759279132
128,blocks.0.ln2,3,0.8008600473403931
128,blocks.0.mlp.fc,3,0.13035577535629272
128,blocks.0.mlp.proj,3,0.012794626876711845
128,blocks.1.ln1,3,0.800566554069519
128,blocks.1.attn.qkv,3,0.12819749116897583
128,blocks.1.attn.proj,3,0.0032505332492291927
128,blocks.1.ln2,3,0.8008725643157959
128,blocks.1.mlp.fc,3,0.13035713136196136
128,blocks.1.mlp.proj,3,0.013021083548665047
128,ln_f,3,0.7982717752456665
128,head,3,0.319929301738739
128,tok_emb,4,0.7972676753997803
128,pos_emb,4,0.7940930128097534
128,blocks.0.ln1,4,0.8009939789772034
128,blocks.0.attn.qkv,4,0.1301477551460266
128,blocks.0.attn.proj,4,0.004118220880627632
128,blocks.0.ln2,4,0.8015300035476685
128,blocks.0.mlp.fc,4,0.13180097937583923
128,blocks.0.mlp.proj,4,0.014432952739298344
128,blocks.1.ln1,4,0.8011589050292969
128,blocks.1.attn.qkv,4,0.12913674116134644
128,blocks.1.attn.proj,4,0.004010448232293129
128,blocks.1.ln2,4,0.8015515804290771
128,blocks.1.mlp.fc,4,0.1318259984254837
128,blocks.1.mlp.proj,4,0.014690620824694633
128,ln_f,4,0.7980074882507324
128,head,4,0.3182509243488312
128,tok_emb,0,0.7972656488418579
128,pos_emb,0,0.8109968900680542
128,blocks.0.ln1,0,0.7999850511550903
128,blocks.0.attn.qkv,0,0.12787234783172607
128,blocks.0.attn.proj,0,0.002333215204998851
128,blocks.0.ln2,0,0.7999898195266724
128,blocks.0.mlp.fc,0,0.1259726881980896
128,blocks.0.mlp.proj,0,0.010271710343658924
128,blocks.1.ln1,0,0.8000252842903137
128,blocks.1.attn.qkv,0,0.1279548555612564
128,blocks.1.attn.proj,0,0.0024151240941137075
128,blocks.1.ln2,0,0.8000345230102539
128,blocks.1.mlp.fc,0,0.12812396883964539
128,blocks.1.mlp.proj,0,0.01030175294727087
128,ln_f,0,0.8000426292419434
128,head,0,0.3264591097831726
128,tok_emb,1,0.797267496585846
128,pos_emb,1,0.811000645160675
128,blocks.0.ln1,1,0.8000901937484741
128,blocks.0.attn.qkv,1,0.1280723661184311
128,blocks.0.attn.proj,1,0.0025302856229245663
128,blocks.0.ln2,1,0.8000161647796631
128,blocks.0.mlp.fc,1,0.12602832913398743
128,blocks.0.mlp.proj,1,0.010513976216316223
128,blocks.1.ln1,1,0.800021767616272
128,blocks.1.attn.qkv,1,0.12801669538021088
128,blocks.1.attn.proj,1,0.0025183772668242455
128,blocks.1.ln2,1,0.7999320030212402
128,blocks.1.mlp.fc,1,0.12820087373256683
128,blocks.1.mlp.proj,1,0.010548091493546963
128,ln_f,1,0.7995503544807434
128,head,1,0.32449567317962646
128,tok_emb,2,0.7972695827484131
128,pos_emb,2,0.8110044002532959
128,blocks.0.ln1,2,0.8004459738731384
128,blocks.0.attn.qkv,2,0.12861937284469604
128,blocks.0.attn.proj,2,0.00297239376232028
128,blocks.0.ln2,2,0.8004220724105835
128,blocks.0.mlp.fc,2,0.1265673041343689
128,blocks.0.mlp.proj,2,0.011291911825537682
128,blocks.1.ln1,2,0.8002932071685791
128,blocks.1.attn.qkv,2,0.12841437757015228
128,blocks.1.attn.proj,2,0.0029037720523774624
128,blocks.1.ln2,2,0.8003593683242798
128,blocks.1.mlp.fc,2,0.12877419590950012
128,blocks.1.mlp.proj,2,0.01134558953344822
128,ln_f,2,0.7991294264793396
128,head,2,0.32267796993255615
128,tok_emb,3,0.7972719669342041
128,pos_emb,3,0.8110092282295227
128,blocks.0.ln1,3,0.8009565472602844
128,blocks.0.attn.qkv,3,0.12946434319019318
128,blocks.0.attn.proj,3,0.0036419159732759
128,blocks.0.ln2,3,0.8010119199752808
128,blocks.0.mlp.fc,3,0.12754294276237488
128,blocks.0.mlp.proj,3,0.012526385486125946
128,blocks.1.ln1,3,0.8007572293281555
128,blocks.1.attn.qkv,3,0.12911143898963928
128,blocks.1.attn.proj,3,0.003538422752171755
128,blocks.1.ln2,3,0.8009663224220276
128,blocks.1.mlp.fc,3,0.12977898120880127
128,blocks.1.mlp.proj,3,0.012610072270035744
128,ln_f,3,0.7988560795783997
128,head,3,0.3210467994213104
128,tok_emb,4,0.7972747087478638
128,pos_emb,4,0.8110151290893555
128,blocks.0.ln1,4,0.8015682697296143
128,blocks.0.attn.qkv,4,0.13057628273963928
128,blocks.0.attn.proj,4,0.004536648280918598
128,blocks.0.ln2,4,0.8016775250434875
128,blocks.0.mlp.fc,4,0.1289249062538147
128,blocks.0.mlp.proj,4,0.014131490141153336
128,blocks.1.ln1,4,0.8013385534286499
128,blocks.1.attn.qkv,4,0.13008205592632294
128,blocks.1.attn.proj,4,0.004408109933137894
128,blocks.1.ln2,4,0.8016486167907715
128,blocks.1.mlp.fc,4,0.13118302822113037
128,blocks.1.mlp.proj,4,0.014253631234169006
128,ln_f,4,0.7987385988235474
128,head,4,0.3196171820163727
256,tok_emb,0,0.7973933219909668
256,pos_emb,0,0.7996011972427368
256,blocks.0.ln1,0,0.7985050082206726
256,blocks.0.attn.qkv,0,0.12756235897541046
256,blocks.0.attn.proj,0,0.002214692533016205
256,blocks.0.ln2,0,0.7984981536865234
256,blocks.0.mlp.fc,0,0.12789246439933777
256,blocks.0.mlp.proj,0,0.010530493222177029
256,blocks.1.ln1,0,0.7985063791275024
256,blocks.1.attn.qkv,0,0.12755067646503448
256,blocks.1.attn.proj,0,0.002274992410093546
256,blocks.1.ln2,0,0.7985130548477173
256,blocks.1.mlp.fc,0,0.12797202169895172
256,blocks.1.mlp.proj,0,0.01046847365796566
256,ln_f,0,0.7985156774520874
256,head,0,0.23029997944831848
256,tok_emb,1,0.7973923087120056
256,pos_emb,1,0.7995905876159668
256,blocks.0.ln1,1,0.7985283136367798
256,blocks.0.attn.qkv,1,0.12761983275413513
256,blocks.0.attn.proj,1,0.0023257825523614883
256,blocks.0.ln2,1,0.7984482049942017
256,blocks.0.mlp.fc,1,0.127955824136734
256,blocks.0.mlp.proj,1,0.010705912485718727
256,blocks.1.ln1,1,0.798575222492218
256,blocks.1.attn.qkv,1,0.12764230370521545
256,blocks.1.attn.proj,1,0.0024182223714888096
256,blocks.1.ln2,1,0.7985125780105591
256,blocks.1.mlp.fc,1,0.128038227558136
256,blocks.1.mlp.proj,1,0.010662974789738655
256,ln_f,1,0.7981512546539307
256,head,1,0.22924843430519104
256,tok_emb,2,0.7973917722702026
256,pos_emb,2,0.7995800375938416
256,blocks.0.ln1,2,0.7988077402114868
256,blocks.0.attn.qkv,2,0.12787775695323944
256,blocks.0.attn.proj,2,0.0026602272409945726
256,blocks.0.ln2,2,0.798869788646698
256,blocks.0.mlp.fc,2,0.12837980687618256
256,blocks.0.mlp.proj,2,0.011264637112617493
256,blocks.1.ln1,2,0.79887455701828
256,blocks.1.attn.qkv,2,0.12792906165122986
256,blocks.1.attn.proj,2,0.002783694304525852
256,blocks.1.ln2,2,0.7989570498466492
256,blocks.1.mlp.fc,2,0.12846380472183228
256,blocks.1.mlp.proj,2,0.01124249491840601
256,ln_f,2,0.7979280948638916
256,head,2,0.228347048163414
256,tok_emb,3,0.7973916530609131
256,pos_emb,3,0.7995696067810059
256,blocks.0.ln1,3,0.7992575764656067
256,blocks.0.attn.qkv,3,0.12831935286521912
256,blocks.0.attn.proj,3,0.0031957593746483326
256,blocks.0.ln2,3,0.7994706034660339
256,blocks.0.mlp.fc,3,0.12911926209926605
256,blocks.0.mlp.proj,3,0.01216648705303669
256,blocks.1.ln1,3,0.7993280291557312
256,blocks.1.attn.qkv,3,0.1283906251192093
256,blocks.1.attn.proj,3,0.003344778437167406
256,blocks.1.ln2,3,0.7995659708976746
256,blocks.1.mlp.fc,3,0.1292005479335785
256,blocks.1.mlp.proj,3,0.012159857898950577
256,ln_f,3,0.7978379726409912
256,head,3,0.2276003062725067
256,tok_emb,4,0.7973918318748474
256,pos_emb,4,0.799559473991394
256,blocks.0.ln1,4,0.7998212575912476
256,blocks.0.attn.qkv,4,0.1289266049861908
256,blocks.0.attn.proj,4,0.003929016180336475
256,blocks.0.ln2,4,0.8001437783241272
256,blocks.0.mlp.fc,4,0.13014917075634003
256,blocks.0.mlp.proj,4,0.013364091515541077
256,blocks.1.ln1,4,0.7998880743980408
256,blocks.1.attn.qkv,4,0.1290130764245987
256,blocks.1.attn.proj,4,0.004094485659152269
256,blocks.1.ln2,4,0.800248384475708
256,blocks.1.mlp.fc,4,0.13022717833518982
256,blocks.1.mlp.proj,4,0.013372072950005531
256,ln_f,4,0.7978870868682861
256,head,4,0.2270180732011795
256,tok_emb,0,0.8001070618629456
256,pos_emb,0,0.7943175435066223
256,blocks.0.ln1,0,0.7989619374275208
256,blocks.0.attn.qkv,0,0.12760034203529358
256,blocks.0.attn.proj,0,0.0022526499815285206
256,blocks.0.ln2,0,0.7989663481712341
256,blocks.0.mlp.fc,0,0.12773925065994263
256,blocks.0.mlp.proj,0,0.01044517382979393
256,blocks.1.ln1,0,0.7989721298217773
256,blocks.1.attn.qkv,0,0.12747737765312195
256,blocks.1.attn.proj,0,0.0023950582835823298
256,blocks.1.ln2,0,0.7989685535430908
256,blocks.1.mlp.fc,0,0.1281948983669281
256,blocks.1.mlp.proj,0,0.010497767478227615
256,ln_f,0,0.7989736795425415
256,head,0,0.23010869324207306
256,tok_emb,1,0.8001085519790649
256,pos_emb,1,0.794316291809082
256,blocks.0.ln1,1,0.7990617752075195
256,blocks.0.attn.qkv,1,0.12770356237888336
256,blocks.0.attn.proj,1,0.002377611119300127
256,blocks.0.ln2,1,0.7990195751190186
256,blocks.0.mlp.fc,1,0.12783530354499817
256,blocks.0.mlp.proj,1,0.010648874565958977
256,blocks.1.ln1,1,0.7989757061004639
256,blocks.1.attn.qkv,1,0.1275416612625122
256,blocks.1.attn.proj,1,0.0024660478811711073
256,blocks.1.ln2,1,0.7989312410354614
256,blocks.1.mlp.fc,1,0.12824249267578125
256,blocks.1.mlp.proj,1,0.010684429667890072
256,ln_f,1,0.7988597750663757
256,head,1,0.22906291484832764
256,tok_emb,2,0.8001099228858948
256,pos_emb,2,0.7943135499954224
256,blocks.0.ln1,2,0.7993946075439453
256,blocks.0.attn.qkv,2,0.12799879908561707
256,blocks.0.attn.proj,2,0.0027124243788421154
256,blocks.0.ln2,2,0.799476146697998
256,blocks.0.mlp.fc,2,0.12828479707241058
256,blocks.0.mlp.proj,2,0.011238859966397285
256,blocks.1.ln1,2,0.7992578744888306
256,blocks.1.attn.qkv,2,0.12781396508216858
256,blocks.1.attn.proj,2,0.002752495463937521
256,blocks.1.ln2,2,0.7993648052215576
256,blocks.1.mlp.fc,2,0.12865561246871948
256,blocks.1.mlp.proj,2,0.011256607249379158
256,ln_f,2,0.7988073825836182
256,head,2,0.22813862562179565
256,tok_emb,3,0.8001117706298828
256,pos_emb,3,0.7943099737167358
256,blocks.0.ln1,3,0.7998886108398438
256,blocks.0.attn.qkv,3,0.12846939265727997
256,blocks.0.attn.proj,3,0.0032328348606824875
256,blocks.0.ln2,3,0.8000913858413696
256,blocks.0.mlp.fc,3,0.12904146313667297
256,blocks.0.mlp.proj,3,0.012166788801550865
256,blocks.1.ln1,3,0.7997250556945801
256,blocks.1.attn.qkv,3,0.1282709687948227
256,blocks.1.attn.proj,3,0.0032399878837168217
256,blocks.1.ln2,3,0.7999721169471741
256,blocks.1.mlp.fc,3,0.12937887012958527
256,blocks.1.mlp.proj,3,0.012171246111392975
256,ln_f,3,0.7988447546958923
256,head,3,0.22734877467155457
256,tok_emb,4,0.8001136779785156
256,pos_emb,4,0.7943052053451538
256,blocks.0.ln1,4,0.8004827499389648
256,blocks.0.attn.qkv,4,0.12909674644470215
256,blocks.0.attn.proj,4,0.003928982652723789
256,blocks.0.ln2,4,0.8007731437683105
256,blocks.0.mlp.fc,4,0.13008460402488708
256,blocks.0.mlp.proj,4,0.013380412012338638
256,blocks.1.ln1,4,0.8003100156784058
256,blocks.1.attn.qkv,4,0.12889286875724792
256,blocks.1.attn.proj,4,0.003918396309018135
256,blocks.1.ln2,4,0.8006565570831299
256,blocks.1.mlp.fc,4,0.13038773834705353
256,blocks.1.mlp.proj,4,0.013379363343119621
256,ln_f,4,0.7989821434020996
256,head,4,0.22670704126358032
256,tok_emb,0,0.8009423017501831
256,pos_emb,0,0.7930059432983398
256,blocks.0.ln1,0,0.7975341081619263
256,blocks.0.attn.qkv,0,0.12818461656570435
256,blocks.0.attn.proj,0,0.0023173324298113585
256,blocks.0.ln2,0,0.7975393533706665
256,blocks.0.mlp.fc,0,0.12757188081741333
256,blocks.0.mlp.proj,0,0.010392509400844574
256,blocks.1.ln1,0,0.797528862953186
256,blocks.1.attn.qkv,0,0.12723521888256073
256,blocks.1.attn.proj,0,0.0022133730817586184
256,blocks.1.ln2,0,0.7975264191627502
256,blocks.1.mlp.fc,0,0.12783773243427277
256,blocks.1.mlp.proj,0,0.01039961539208889
256,ln_f,0,0.7975231409072876
256,head,0,0.23047658801078796
256,tok_emb,1,0.8009403347969055
256,pos_emb,1,0.793010950088501
256,blocks.0.ln1,1,0.7975500226020813
256,blocks.0.attn.qkv,1,0.12824849784374237
256,blocks.0.attn.proj,1,0.002415049821138382
256,blocks.0.ln2,1,0.7975037693977356
256,blocks.0.mlp.fc,1,0.12763576209545135
256,blocks.0.mlp.proj,1,0.010563858784735203
256,blocks.1.ln1,1,0.7974671125411987
256,blocks.1.attn.qkv,1,0.12725505232810974
256,blocks.1.attn.proj,1,0.0022935348097234964
256,blocks.1.ln2,1,0.7975088357925415
256,blocks.1.mlp.fc,1,0.12790659070014954
256,blocks.1.mlp.proj,1,0.010578727349638939
256,ln_f,1,0.7973036766052246
256,head,1,0.22950458526611328
256,tok_emb,2,0.8009388446807861
256,pos_emb,2,0.7930171489715576
256,blocks.0.ln1,2,0.7978104948997498
256,blocks.0.attn.qkv,2,0.1285097301006317
256,blocks.0.attn.proj,2,0.00273617310449481
256,blocks.0.ln2,2,0.7979298830032349
256,blocks.0.mlp.fc,2,0.12806056439876556
256,blocks.0.mlp.proj,2,0.01112009771168232
256,blocks.1.ln1,2,0.7977031469345093
256,blocks.1.attn.qkv,2,0.12748055160045624
256,blocks.1.attn.proj,2,0.0025675520300865173
256,blocks.1.ln2,2,0.7979241609573364
256,blocks.1.mlp.fc,2,0.12832431495189667
256,blocks.1.mlp.proj,2,0.011135668493807316
256,ln_f,2,0.7971677780151367
256,head,2,0.2286561131477356
256,tok_emb,3,0.8009375333786011
256,pos_emb,3,0.7930237054824829
256,blocks.0.ln1,3,0.7982534170150757
256,blocks.0.attn.qkv,3,0.12895101308822632
256,blocks.0.attn.proj,3,0.0032473327592015266
256,blocks.0.ln2,3,0.7985298037528992
256,blocks.0.mlp.fc,3,0.12879759073257446
256,blocks.0.mlp.proj,3,0.012020792812108994
256,blocks.1.ln1,3,0.7981376647949219
256,blocks.1.attn.qkv,3,0.12788937985897064
256,blocks.1.attn.proj,3,0.00301629351451993
256,blocks.1.ln2,3,0.798521876335144
256,blocks.1.mlp.fc,3,0.12904953956604004
256,blocks.1.mlp.proj,3,0.012028711847960949
256,ln_f,3,0.7971429824829102
256,head,3,0.22794580459594727
256,tok_emb,4,0.8009363412857056
256,pos_emb,4,0.7930302619934082
256,blocks.0.ln1,4,0.7988163232803345
256,blocks.0.attn.qkv,4,0.1295509934425354
256,blocks.0.attn.proj,4,0.00393327884376049
256,blocks.0.ln2,4,0.7992022633552551
256,blocks.0.mlp.fc,4,0.12982162833213806
256,blocks.0.mlp.proj,4,0.013213848695158958
256,blocks.1.ln1,4,0.7986966371536255
256,blocks.1.attn.qkv,4,0.12846428155899048
256,blocks.1.attn.proj,4,0.0036358810029923916
256,blocks.1.ln2,4,0.7991982698440552
256,blocks.1.mlp.fc,4,0.13005995750427246
256,blocks.1.mlp.proj,4,0.013209521770477295
256,ln_f,4,0.7972283959388733
256,head,4,0.22738274931907654
512,tok_emb,0,0.7984796762466431
512,pos_emb,0,0.8008174896240234
512,blocks.0.ln1,0,0.7986929416656494
512,blocks.0.attn.qkv,0,0.12790215015411377
512,blocks.0.attn.proj,0,0.0023373321164399385
512,blocks.0.ln2,0,0.798693060874939
512,blocks.0.mlp.fc,0,0.12763313949108124
512,blocks.0.mlp.proj,0,0.010375097393989563
512,blocks.1.ln1,0,0.7986830472946167
512,blocks.1.attn.qkv,0,0.1276012659072876
512,blocks.1.attn.proj,0,0.002307627582922578
512,blocks.1.ln2,0,0.7986851930618286
512,blocks.1.mlp.fc,0,0.1277289092540741
512,blocks.1.mlp.proj,0,0.010429803282022476
512,ln_f,0,0.798690676689148
512,head,0,0.1629500389099121
512,tok_emb,1,0.7984812259674072
512,pos_emb,1,0.8008196353912354
512,blocks.0.ln1,1,0.7986623048782349
512,blocks.0.attn.qkv,1,0.12794101238250732
512,blocks.0.attn.proj,1,0.0024560450110584497
512,blocks.0.ln2,1,0.7987149953842163
512,blocks.0.mlp.fc,1,0.12770146131515503
512,blocks.0.mlp.proj,1,0.010524755343794823
512,blocks.1.ln1,1,0.7986518144607544
512,blocks.1.attn.qkv,1,0.12762980163097382
512,blocks.1.attn.proj,1,0.0024732621386647224
512,blocks.1.ln2,1,0.7986666560173035
512,blocks.1.mlp.fc,1,0.12777507305145264
512,blocks.1.mlp.proj,1,0.010569322854280472
512,ln_f,1,0.7985528707504272
512,head,1,0.1623891443014145
512,tok_emb,2,0.79848313331604
512,pos_emb,2,0.8008222579956055
512,blocks.0.ln1,2,0.7989396452903748
512,blocks.0.attn.qkv,2,0.12812316417694092
512,blocks.0.attn.proj,2,0.0028080279007554054
512,blocks.0.ln2,2,0.7991610765457153
512,blocks.0.mlp.fc,2,0.1280582994222641
512,blocks.0.mlp.proj,2,0.010984298773109913
512,blocks.1.ln1,2,0.798936128616333
512,blocks.1.attn.qkv,2,0.12780290842056274
512,blocks.1.attn.proj,2,0.0028690979816019535
512,blocks.1.ln2,2,0.7991061806678772
512,blocks.1.mlp.fc,2,0.12811729311943054
512,blocks.1.mlp.proj,2,0.011018868535757065
512,ln_f,2,0.7985386848449707
512,head,2,0.16197818517684937
512,tok_emb,3,0.798485517501831
512,pos_emb,3,0.8008246421813965
512,blocks.0.ln1,3,0.7994058132171631
512,blocks.0.attn.qkv,3,0.12842369079589844
512,blocks.0.attn.proj,3,0.0033669613767415285
512,blocks.0.ln2,3,0.7997748851776123
512,blocks.0.mlp.fc,3,0.1286626011133194
512,blocks.0.mlp.proj,3,0.01172582246363163
512,blocks.1.ln1,3,0.7994197010993958
512,blocks.1.attn.qkv,3,0.1280985325574875
512,blocks.1.attn.proj,3,0.003478922648355365
512,blocks.1.ln2,3,0.7997208833694458
512,blocks.1.mlp.fc,3,0.12870728969573975
512,blocks.1.mlp.proj,3,0.011750143021345139
512,ln_f,3,0.7986423969268799
512,head,3,0.16172124445438385
512,tok_emb,4,0.7984880805015564
512,pos_emb,4,0.8008272647857666
512,blocks.0.ln1,4,0.799986720085144
512,blocks.0.attn.qkv,4,0.12882697582244873
512,blocks.0.attn.proj,4,0.004123243503272533
512,blocks.0.ln2,4,0.8004558682441711
512,blocks.0.mlp.fc,4,0.12949475646018982
512,blocks.0.mlp.proj,4,0.01271120086312294
512,blocks.1.ln1,4,0.8000184297561646
512,blocks.1.attn.qkv,4,0.12849901616573334
512,blocks.1.attn.proj,4,0.004302330315113068
512,blocks.1.ln2,4,0.8004099130630493
512,blocks.1.mlp.fc,4,0.1295277327299118
512,blocks.1.mlp.proj,4,0.012727567926049232
512,ln_f,4,0.7988585829734802
512,head,4,0.16162967681884766
512,tok_emb,0,0.795782744884491
512,pos_emb,0,0.7976119518280029
512,blocks.0.ln1,0,0.7982290983200073
512,blocks.0.attn.qkv,0,0.12770037353038788
512,blocks.0.attn.proj,0,0.0023707635700702667
512,blocks.0.ln2,0,0.7982247471809387
512,blocks.0.mlp.fc,0,0.12764191627502441
512,blocks.0.mlp.proj,0,0.010441361926496029
512,blocks.1.ln1,0,0.7982137203216553
512,blocks.1.attn.qkv,0,0.12777429819107056
512,blocks.1.attn.proj,0,0.0022689001634716988
512,blocks.1.ln2,0,0.7982136607170105
512,blocks.1.mlp.fc,0,0.12732619047164917
512,blocks.1.mlp.proj,0,0.01040731742978096
512,ln_f,0,0.7982146739959717
512,head,0,0.16310596466064453
512,tok_emb,1,0.7957860827445984
512,pos_emb,1,0.7976032495498657
512,blocks.0.ln1,1,0.7981646656990051
512,blocks.0.attn.qkv,1,0.12771892547607422
512,blocks.0.attn.proj,1,0.002485524630174041
512,blocks.0.ln2,1,0.7982206344604492
512,blocks.0.mlp.fc,1,0.12769073247909546
512,blocks.0.mlp.proj,1,0.010585359297692776
512,blocks.1.ln1,1,0.7982311248779297
512,blocks.1.attn.qkv,1,0.12781253457069397
512,blocks.1.attn.proj,1,0.002403156366199255
512,blocks.1.ln2,1,0.7982762455940247
512,blocks.1.mlp.fc,1,0.12739893794059753
512,blocks.1.mlp.proj,1,0.010568522848188877
512,ln_f,1,0.7981692552566528
512,head,1,0.16263577342033386
512,tok_emb,2,0.7957897186279297
512,pos_emb,2,0.7975966930389404
512,blocks.0.ln1,2,0.7983993291854858
512,blocks.0.attn.qkv,2,0.12787988781929016
512,blocks.0.attn.proj,2,0.002855397528037429
512,blocks.0.ln2,2,0.7986562252044678
512,blocks.0.mlp.fc,2,0.12803404033184052
512,blocks.0.mlp.proj,2,0.011032601818442345
512,blocks.1.ln1,2,0.7985314726829529
512,blocks.1.attn.qkv,2,0.127989262342453
512,blocks.1.attn.proj,2,0.00277647003531456
512,blocks.1.ln2,2,0.7987381815910339
512,blocks.1.mlp.fc,2,0.12775754928588867
512,blocks.1.mlp.proj,2,0.011031905189156532
512,ln_f,2,0.7982301712036133
512,head,2,0.1623043417930603
512,tok_emb,3,0.7957934141159058
512,pos_emb,3,0.7975912094116211
512,blocks.0.ln1,3,0.7988280057907104
512,blocks.0.attn.qkv,3,0.12816207110881805
512,blocks.0.attn.proj,3,0.0034538237378001213
512,blocks.0.ln2,3,0.7992591261863708
512,blocks.0.mlp.fc,3,0.12862639129161835
512,blocks.0.mlp.proj,3,0.011758483946323395
512,blocks.1.ln1,3,0.7990099191665649
512,blocks.1.attn.qkv,3,0.12828373908996582
512,blocks.1.attn.proj,3,0.0033631601836532354
512,blocks.1.ln2,3,0.7993640303611755
512,blocks.1.mlp.fc,3,0.12836521863937378
512,blocks.1.mlp.proj,3,0.011768363416194916
512,ln_f,3,0.7984045743942261
512,head,3,0.16212031245231628
512,tok_emb,4,0.7957972288131714
512,pos_emb,4,0.797585666179657
512,blocks.0.ln1,4,0.7993788719177246
512,blocks.0.attn.qkv,4,0.12854968011379242
512,blocks.0.attn.proj,4,0.004266725387424231
512,blocks.0.ln2,4,0.7999348044395447
512,blocks.0.mlp.fc,4,0.12944889068603516
512,blocks.0.mlp.proj,4,0.01273045502603054
512,blocks.1.ln1,4,0.7996037006378174
512,blocks.1.attn.qkv,4,0.12868022918701172
512,blocks.1.attn.proj,4,0.004159647040069103
512,blocks.1.ln2,4,0.8000582456588745
512,blocks.1.mlp.fc,4,0.12920185923576355
512,blocks.1.mlp.proj,4,0.012747392058372498
512,ln_f,4,0.7986919283866882
512,head,4,0.1620953381061554
512,tok_emb,0,0.7960132360458374
512,pos_emb,0,0.7986502647399902
512,blocks.0.ln1,0,0.7974338531494141
512,blocks.0.attn.qkv,0,0.12756618857383728
512,blocks.0.attn.proj,0,0.002314177108928561
512,blocks.0.ln2,0,0.7974373698234558
512,blocks.0.mlp.fc,0,0.12753160297870636
512,blocks.0.mlp.proj,0,0.01044769212603569
512,blocks.1.ln1,0,0.7974196672439575
512,blocks.1.attn.qkv,0,0.12772324681282043
512,blocks.1.attn.proj,0,0.002355430740863085
512,blocks.1.ln2,0,0.7974187135696411
512,blocks.1.mlp.fc,0,0.12789613008499146
512,blocks.1.mlp.proj,0,0.01046668365597725
512,ln_f,0,0.7974226474761963
512,head,0,0.16277727484703064
512,tok_emb,1,0.7960158586502075
512,pos_emb,1,0.7986456155776978
512,blocks.0.ln1,1,0.7974241971969604
512,blocks.0.attn.qkv,1,0.12761235237121582
512,blocks.0.attn.proj,1,0.002425265032798052
512,blocks.0.ln2,1,0.7973736524581909
512,blocks.0.mlp.fc,1,0.1275809407234192
512,blocks.0.mlp.proj,1,0.01058791484683752
512,blocks.1.ln1,1,0.7974499464035034
512,blocks.1.attn.qkv,1,0.12777075171470642
512,blocks.1.attn.proj,1,0.0024965722113847733
512,blocks.1.ln2,1,0.7974057793617249
512,blocks.1.mlp.fc,1,0.12795305252075195
512,blocks.1.mlp.proj,1,0.010618148371577263
512,ln_f,1,0.7973522543907166
512,head,1,0.16223971545696259
512,tok_emb,2,0.7960187196731567
512,pos_emb,2,0.7986409664154053
512,blocks.0.ln1,2,0.7976847887039185
512,blocks.0.attn.qkv,2,0.12779508531093597
512,blocks.0.attn.proj,2,0.0027703680098056793
512,blocks.0.ln2,2,0.7977961301803589
512,blocks.0.mlp.fc,2,0.12792928516864777
512,blocks.0.mlp.proj,2,0.011035436764359474
512,blocks.1.ln1,2,0.7977503538131714
512,blocks.1.attn.qkv,2,0.12795358896255493
512,blocks.1.attn.proj,2,0.0028652080800384283
512,blocks.1.ln2,2,0.7978521585464478
512,blocks.1.mlp.fc,2,0.12830618023872375
512,blocks.1.mlp.proj,2,0.011075429618358612
512,ln_f,2,0.7974026203155518
512,head,2,0.16185320913791656
512,tok_emb,3,0.7960219383239746
512,pos_emb,3,0.7986364364624023
512,blocks.0.ln1,3,0.798134446144104
512,blocks.0.attn.qkv,3,0.12809516489505768
512,blocks.0.attn.proj,3,0.003317347029224038
512,blocks.0.ln2,3,0.7983943223953247
512,blocks.0.mlp.fc,3,0.1285271793603897
512,blocks.0.mlp.proj,3,0.011761533096432686
512,blocks.1.ln1,3,0.7982168793678284
512,blocks.1.attn.qkv,3,0.12824894487857819
512,blocks.1.attn.proj,3,0.00344630004838109
512,blocks.1.ln2,3,0.7984617352485657
512,blocks.1.mlp.fc,3,0.1289045810699463
512,blocks.1.mlp.proj,3,0.011811137199401855
512,ln_f,3,0.7975646257400513
512,head,3,0.16162359714508057
512,tok_emb,4,0.7960253357887268
512,pos_emb,4,0.7986322641372681
512,blocks.0.ln1,4,0.7986990809440613
512,blocks.0.attn.qkv,4,0.12849485874176025
512,blocks.0.attn.proj,4,0.004053953103721142
512,blocks.0.ln2,4,0.7990647554397583
512,blocks.0.mlp.fc,4,0.12935379147529602
512,blocks.0.mlp.proj,4,0.012732034549117088
512,blocks.1.ln1,4,0.7987951040267944
512,blocks.1.attn.qkv,4,0.12864470481872559
512,blocks.1.attn.proj,4,0.004242255352437496
512,blocks.1.ln2,4,0.7991430759429932
512,blocks.1.mlp.fc,4,0.12973341345787048
512,blocks.1.mlp.proj,4,0.012791644781827927
512,ln_f,4,0.7978343367576599
512,head,4,0.1615617722272873
